a,b,c,d,e,f,g,h,i,j,k,l,m,n,o,p,q,r,s,t,u,v,w,x,y,z
a235725,b742437,c115381,d467686,e356730,f376064,g627193,h448248,i988185,j416803,k144430,l511000,m893073,n477154,o704261,p214782,q253931,r643061,s671615,t774628,u620048,v297808,w819480,x542871,y869958,z593907
a534877,b998601,c872097,d488025,e685121,f711377,g431664,h187314,i769116,j910319,k824963,l730840,m685952,n717245,o449333,p634571,q232079,r517877,s917945,t216146,u975662,v922036,w562975,x541257,y286662,z102884
a626139,b965405,c812943,d930169,e649444,f848289,g169733,h252477,i967804,j299249,k245358,l889965,m728876,n966150,o752890,p426054,q548144,r250012,s867022,t331341,u274613,v515537,w613892,x460569,y288358,z934205
a880553,b184775,c889609,d473103,e284893,f679385,g892618,h103518,i408572,j983111,k510189,l387203,m533617,n312374,o939300,p862200,q826125,r598633,s262625,t500251,u658836,v464221,w765641,x263684,y380445,z770980
a485550,b453115,c822361,d107100,e353515,f258534,g723276,h583520,i794302,j180020,k216910,l245526,m230406,n101478,o391090,p730492,q348346,r406365,s800467,t778796,u564272,v927906,w151573,x918383,y869397,z129303
a980289,b225716,c497447,d625471,e163756,f524921,g782816,h855829,i945733,j179183,k407461,l437675,m262066,n334460,o762592,p961754,q762804,r418865,s697998,t608761,u486648,v418034,w225244,x512559,y840401,z912665
a937511,b319057,c880867,d135493,e808280,f954329,g827589,h238708,i760235,j364503,k782300,l494995,m820689,n827388,o376854,p909251,q276725,r408855,s138182,t102005,u857684,v326525,w952051,x479265,y361339,z747070
a808344,b420457,c450559,d417486,e708400,f620384,g611499,h666951,i981252,j969453,k214972,l589994,m369560,n528494,o457540,p704864,q909630,r976401,s335657,t675687,u262567,v133162,w585509,x170675,y530215,z776575
a397630,b837157,c140223,d279940,e806892,f415018,g955935,h941269,i372839,j265642,k381219,l136241,m773228,n995358,o201750,p857615,q204235,r817685,s977367,t651924,u949608,v258389,w310494,x911353,y523981,z166829
a791411,b126577,c511215,d437527,e825822,f485497,g262669,h568693,i838352,j878527,k797148,l832934,m354212,n706485,o275421,p888416,q574418,r115684,s583099,t818845,u373024,v972679,w226587,x889960,y328100,z963070
a887721,b980759,c727664,d374291,e902349,f213189,g643351,h248777,i253851,j224299,k246393,l513658,m449201,n962665,o983950,p245680,q779603,r245171,s699998,t495579,u997296,v689611,w683842,x399843,y571235,z466239
a856375,b351406,c570430,d342783,e804235,f362684,g382595,h837218,i460602,j559787,k314274,l501443,m541855,n412346,o462333,p182868,q721724,r347911,s556706,t480430,u287444,v641107,w468574,x526642,y327186,z595089
a183245,b274176,c891519,d275978,e487959,f641027,g198969,h565367,i556068,j609627,k681342,l513470,m949739,n213799,o747911,p249540,q633102,r971123,s546874,t794959,u637493,v131217,w890712,x362222,y199982,z607353
a574012,b255853,c633490,d742101,e937752,f608388,g325905,h175358,i767558,j820619,k929066,l788660,m487720,n780587,o542922,p230828,q887195,r495552,s792149,t742930,u871941,v299517,w299325,x379184,y149026,z457221
a914249,b151713,c779219,d554909,e281962,f251503,g415844,h144731,i391806,j778881,k753521,l334278,m568271,n601825,o110356,p949991,q427630,r282785,s350521,t485901,u560766,v154727,w746556,x668566,y329118,z932810
a767026,b576901,c495430,d212728,e279902,f267096,g334595,h942433,i668244,j365063,k396685,l115182,m996378,n205638,o226131,p990039,q439100,r911285,s149767,t299990,u311316,v979077,w941022,x815346,y756909,z420771
a154905,b394032,c284370,d781310,e694305,f900418,g174194,h883065,i938082,j718539,k180792,l967646,m123764,n990096,o211787,p928281,q617443,r844330,s706458,t651262,u110204,v591254,w309663,x450836,y948467,z722108
a356431,b749650,c692434,d412666,e794699,f240493,g748051,h564168,i796770,j915935,k921864,l284525,m468135,n813359,o794417,p599181,q557253,r849492,s988466,t104101,u241633,v144043,w441881,x215069,y897749,z616072
a107219,b870874,c607614,d628035,e572908,f676964,g621412,h429917,i404667,j252252,k475901,l132789,m275123,n691447,o715860,p162352,q528883,r643719,s557371,t586667,u612561,v306130,w514015,x182602,y868238,z695586
a460979,b664396,c782938,d908630,e523736,f342270,g122142,h612634,i683442,j850634,k822415,l161511,m408955,n663274,o689807,p236361,q860657,r364956,s194776,t940074,u622429,v472129,w263926,x241101,y663749,z837835
a414030,b994488,c372388,d639389,e640298,f644500,g608503,h696852,i844339,j775097,k540722,l309646,m541870,n910657,o823600,p119358,q681976,r901564,s465905,t395671,u534406,v253376,w916077,x700977,y849073,z452056
a655551,b479263,c118735,d100761,e751342,f618299,g288302,h426993,i551340,j625237,k970798,l598684,m847072,n394584,o152997,p557701,q160686,r223825,s817430,t337329,u364935,v898466,w899321,x295029,y655149,z229092
a757591,b839546,c478010,d294861,e879692,f669650,g198526,h174529,i384962,j514272,k316909,l779264,m894633,n790384,o389353,p741283,q844569,r168803,s318805,t344535,u794132,v294082,w993653,x353120,y775476,z480566
a378327,b170307,c759196,d105279,e213442,f210607,g714812,h169139,i716711,j513771,k577363,l962238,m189612,n227851,o496824,p527860,q245654,r708736,s231031,t253935,u813491,v872351,w266499,x763955,y276228,z457887
a663858,b586548,c488515,d109051,e770680,f288045,g745060,h732156,i692498,j488409,k376955,l378230,m111370,n730763,o497088,p987932,q570599,r388510,s278967,t418367,u514523,v719879,w330026,x214871,y934411,z270451
a685387,b925865,c594419,d126759,e331844,f313158,g784556,h141901,i628627,j748386,k253935,l553597,m806662,n468673,o167635,p479116,q263049,r638070,s706165,t542859,u358900,v998630,w807622,x239315,y126506,z231273
a798902,b444460,c391682,d638154,e859555,f235484,g793105,h582862,i100112,j338250,k243070,l708929,m289846,n400719,o283278,p251918,q164182,r573567,s461645,t990102,u973891,v825784,w631403,x165861,y864428,z381147
a506064,b835399,c462917,d128633,e989529,f529556,g608467,h690194,i646487,j807969,k126812,l918240,m524860,n741160,o239198,p537018,q219230,r446893,s430647,t487166,u435231,v852043,w127020,x158490,y647596,z729143
a268880,b961762,c267952,d985653,e533492,f444637,g543296,h883048,i248641,j350026,k560934,l393040,m352754,n970695,o360366,p923876,q216949,r880946,s257258,t937810,u466072,v321030,w917966,x846250,y956523,z792343
a325521,b443428,c320536,d137591,e881937,f877408,g469159,h220699,i286095,j103443,k378126,l467172,m303727,n789284,o687803,p630588,q267145,r809241,s270987,t443645,u497325,v883029,w677981,x767862,y455409,z595655
a551453,b857362,c632273,d592598,e688132,f353084,g199052,h852395,i757172,j436089,k118634,l666254,m732393,n330628,o983346,p362216,q909407,r817334,s565203,t645684,u889123,v187134,w353258,x411044,y876708,z393700
a904905,b609901,c672856,d549090,e930869,f203519,g402723,h264017,i490382,j722263,k801472,l501379,m922726,n867018,o556507,p824679,q317227,r950849,s485719,t460371,u248596,v968824,w785491,x472086,y805275,z172727
a196090,b584789,c980332,d590633,e347099,f888635,g131238,h748057,i441184,j819429,k272601,l287904,m445734,n260820,o708603,p847066,q714214,r157422,s926881,t997680,u478092,v850919,w146484,x331781,y694607,z636587
a651887,b780461,c395144,d729539,e922761,f306876,g848417,h830589,i661539,j447463,k845370,l945565,m891357,n935309,o924884,p114979,q280556,r383942,s506472,t933052,u924398,v349056,w308694,x906002,y775470,z908842
a785296,b626488,c517382,d617427,e355726,f154481,g329580,h916647,i163967,j401746,k598039,l188521,m763865,n697283,o436579,p596834,q961035,r731044,s572967,t645261,u889637,v661878,w602326,x326118,y463717,z558879
a199970,b177051,c880032,d559402,e180149,f954747,g806480,h570401,i377432,j187818,k712711,l174729,m986414,n240334,o636066,p291270,q462656,r889385,s417620,t555125,u461743,v656318,w865498,x579357,y270274,z773113
a819988,b370278,c168648,d614902,e706034,f131730,g601166,h403712,i320033,j280129,k929183,l612299,m773155,n329804,o526156,p264674,q456534,r141675,s368429,t130598,u919764,v311771,w934724,x195687,y816585,z488761
a131482,b369215,c344148,d904955,e106494,f420579,g498905,h193101,i132434,j371662,k279878,l649241,m672665,n833723,o501554,p494178,q417198,r292290,s923513,t741933,u417672,v454545,w717636,x803848,y539284,z709156
a381438,b730405,c915519,d408525,e970941,f601257,g426390,h187852,i240617,j409180,k454385,l594745,m577020,n587890,o473270,p845127,q889894,r721036,s170298,t367273,u808705,v181395,w388484,x622852,y195609,z699390
a767790,b950617,c781625,d623901,e892415,f321510,g394009,h170331,i391722,j358281,k207516,l711443,m444056,n324635,o870990,p108877,q744967,r859342,s421293,t322877,u652933,v373722,w125716,x877529,y131301,z553624
a953693,b373907,c719863,d815063,e740282,f360734,g840398,h391320,i164275,j119552,k484133,l132435,m396813,n906632,o503548,p400318,q581236,r162764,s747539,t275733,u883636,v245518,w753351,x593833,y661545,z172358
a417773,b158794,c849204,d259424,e237496,f490752,g326030,h452851,i991510,j132706,k472581,l169656,m221516,n949570,o256898,p768107,q133005,r583280,s198431,t488135,u590968,v625967,w319523,x564778,y450959,z841817
a983774,b905419,c255764,d208085,e668597,f646950,g713063,h895416,i836003,j803831,k108320,l169577,m707652,n913050,o302570,p140787,q812131,r651424,s195555,t826210,u518277,v558464,w849666,x620444,y853497,z698261
a738717,b709810,c736800,d473102,e232318,f127895,g756234,h904823,i593872,j752025,k793832,l146111,m209246,n168229,o487798,p158565,q571015,r438351,s230411,t565347,u675368,v362102,w635916,x548895,y405850,z710227
a142870,b154517,c341839,d433921,e304538,f556368,g284965,h448737,i356183,j993569,k217805,l599833,m440446,n510694,o239607,p303040,q737544,r662173,s600097,t643840,u497639,v638160,w113907,x810858,y607647,z976901
a924362,b287425,c186076,d759258,e771646,f622251,g602483,h874737,i159045,j163579,k510819,l642075,m512281,n525272,o790250,p844550,q182882,r584053,s388569,t248975,u931258,v353183,w827217,x764536,y301683,z487355
a562706,b866503,c909905,d934374,e597206,f795346,g882339,h722064,i752962,j174188,k211431,l670706,m373719,n803185,o614763,p583839,q994776,r579808,s144364,t573235,u136502,v264715,w716510,x295612,y337905,z321550
a790939,b758887,c137812,d420842,e715666,f315139,g907229,h707031,i277128,j417836,k682743,l149427,m560268,n991692,o796802,p766753,q520459,r367805,s658776,t835751,u955406,v982129,w852063,x439653,y919319,z229462
a953294,b381450,c680278,d643836,e487789,f484908,g878157,h953225,i396083,j743547,k554693,l690640,m611563,n617588,o600963,p458764,q234329,r635351,s995979,t186974,u508206,v123920,w622725,x819382,y549079,z892948
a888257,b428857,c437256,d907371,e595650,f162019,g346245,h194914,i620468,j670339,k971287,l709039,m233460,n215590,o784066,p571430,q605398,r496898,s500280,t105089,u488463,v940195,w640052,x708692,y738128,z162408
a294765,b401010,c179765,d489877,e916593,f810217,g867888,h951880,i232070,j392498,k561966,l185395,m171836,n943255,o847880,p252900,q769926,r961351,s599988,t763319,u846925,v130850,w438616,x575840,y693316,z783993
a880307,b440906,c849521,d267661,e332607,f314388,g226998,h904740,i835127,j693230,k507446,l873205,m531133,n458169,o860228,p271555,q667744,r946972,s751117,t671573,u860216,v199692,w117266,x860760,y200372,z827376
a444595,b442428,c457941,d325766,e647767,f698700,g394409,h161922,i352099,j828109,k615320,l712554,m407254,n363784,o597073,p571906,q260021,r220683,s235361,t602328,u167102,v783338,w760442,x588135,y636611,z770983
a237033,b134435,c236817,d922999,e382639,f490714,g625094,h770553,i977829,j653031,k191739,l864990,m807180,n928541,o931107,p411013,q778401,r320684,s764155,t968975,u625336,v511439,w243712,x779406,y569512,z471700
a445476,b977176,c902083,d338295,e109594,f161731,g250934,h701582,i429115,j122834,k984769,l987794,m510291,n659643,o903515,p325883,q857630,r837203,s226150,t469378,u697098,v137324,w901481,x833794,y703019,z215800
a295430,b876847,c991564,d195181,e372380,f199168,g623017,h590282,i317771,j829952,k789661,l591937,m457096,n780101,o946815,p517120,q198187,r952959,s673917,t920299,u446358,v225553,w526939,x585286,y405539,z876889
a688934,b124011,c612183,d530001,e991600,f382077,g325950,h496992,i104673,j790120,k257562,l654194,m234191,n757279,o752010,p428034,q180258,r617537,s999775,t437622,u721845,v555840,w326722,x611777,y631040,z830788
a821504,b432389,c112248,d348716,e852377,f980716,g481943,h790407,i291621,j470777,k897187,l208292,m228091,n540438,o200151,p303164,q355944,r237567,s478735,t788754,u981796,v384771,w973943,x996433,y414229,z840556
a472984,b989456,c576155,d534508,e548462,f434839,g890691,h592189,i160336,j720816,k890227,l188720,m348400,n694716,o447082,p544730,q439141,r823984,s255749,t596854,u816117,v328208,w324962,x413172,y494611,z572939
a573271,b168792,c863149,d122165,e293357,f899309,g184386,h500555,i568568,j748679,k191139,l300707,m630836,n210704,o296187,p957371,q883831,r743895,s592825,t882839,u289477,v300890,w555203,x156656,y678399,z184336
a945431,b282613,c886550,d998512,e305376,f508072,g781280,h575619,i367081,j831188,k392257,l910752,m419202,n566326,o228346,p550344,q721811,r861680,s670278,t155063,u317921,v228889,w768144,x283742,y973822,z685740
a247493,b571510,c917282,d131922,e886999,f334647,g508247,h889049,i811229,j370423,k651250,l672282,m533231,n642957,o600261,p605642,q124239,r915862,s614079,t221201,u701952,v336893,w553693,x275811,y469997,z494017
a698283,b741695,c394079,d703320,e890047,f409804,g853550,h126098,i115806,j172129,k140863,l264516,m662607,n693938,o825630,p441266,q213850,r686280,s964400,t963896,u735118,v884778,w753584,x528415,y840500,z857819
a998531,b716598,c616453,d854813,e458876,f624343,g821745,h437288,i755033,j946113,k327908,l291423,m316223,n528195,o567272,p250723,q808669,r878468,s498276,t727228,u773509,v655003,w766840,x648740,y525233,z409482
a665787,b994281,c750902,d850560,e857500,f514225,g818757,h128215,i719284,j960067,k788811,l294873,m883744,n227433,o572529,p876315,q262882,r648719,s354666,t705793,u249278,v909080,w809089,x857588,y223490,z637653
a137717,b527160,c486206,d186863,e630673,f561706,g812422,h639764,i506046,j480246,k962051,l468759,m212614,n613526,o722099,p954272,q966683,r615943,s525847,t327186,u840184,v952434,w304866,x467524,y260102,z253071
a283172,b508223,c785623,d147865,e972096,f327990,g194301,h418753,i331349,j315787,k726568,l106324,m399326,n119769,o424861,p541402,q460303,r931575,s130956,t133653,u869790,v237101,w908773,x408103,y893526,z667340
a682165,b884574,c549340,d815371,e131705,f694003,g674770,h814389,i254870,j785622,k175329,l764731,m398452,n854923,o516214,p285878,q461241,r395995,s315616,t574139,u707101,v456161,w977384,x135435,y968294,z113771
a558599,b984322,c822895,d246825,e624935,f746552,g496672,h437733,i977215,j694804,k841191,l230816,m791767,n185422,o734664,p573066,q728479,r113032,s876177,t124506,u524808,v829618,w388060,x533097,y230479,z601186
a593827,b139848,c722986,d558887,e933754,f433305,g862525,h195805,i131547,j374579,k720712,l896272,m659855,n995760,o464550,p332731,q141652,r465788,s515871,t455647,u803966,v579338,w538271,x944806,y355610,z108302
a318790,b883178,c255103,d565531,e817363,f216371,g633126,h546457,i250223,j664580,k438782,l471222,m799795,n767491,o681777,p602253,q520793,r225280,s557424,t159345,u660033,v548810,w621265,x895040,y523585,z448722
a608963,b153078,c415416,d545117,e570686,f502695,g965718,h937783,i189747,j258981,k237995,l156636,m258617,n919955,o141288,p383023,q362647,r835806,s843220,t352405,u956311,v604310,w608201,x485664,y381125,z655412
a443330,b549449,c599289,d604923,e848030,f937566,g601276,h171447,i172378,j352474,k577027,l945447,m931426,n926816,o572345,p654119,q854713,r533011,s558841,t235262,u391979,v812062,w426128,x363381,y792992,z431030
a191392,b128637,c866680,d660450,e223915,f841499,g304249,h953627,i863169,j463923,k680271,l974685,m111651,n408710,o139169,p527637,q499450,r122348,s257607,t454494,u769890,v905039,w399195,x285201,y809061,z419675
a315025,b477276,c689438,d513790,e295344,f936075,g174980,h644067,i593090,j672599,k845403,l944152,m401878,n712052,o752664,p591544,q376021,r639812,s212204,t202820,u896848,v609966,w402543,x805275,y758248,z862867
a820187,b344030,c902471,d859738,e361297,f873714,g874747,h343154,i897071,j351602,k946845,l145518,m765244,n254905,o715195,p416397,q784655,r959755,s499468,t270527,u844332,v579945,w424881,x541364,y371781,z317586
a466731,b433186,c195136,d526751,e658819,f920663,g636601,h388366,i577713,j580025,k318381,l696594,m628248,n578804,o702416,p165920,q601905,r335124,s193983,t271355,u319648,v646731,w940257,x720591,y448529,z974171
a255571,b908116,c688653,d667961,e211167,f474802,g415061,h876393,i419956,j552296,k688681,l481429,m580299,n679949,o888297,p579420,q757162,r552909,s506356,t360344,u328647,v270121,w325688,x547761,y102719,z532954
a195313,b905794,c548984,d368749,e760149,f286106,g499805,h599289,i257483,j478654,k547082,l163722,m525924,n465622,o353845,p409237,q261740,r877127,s565492,t190470,u277862,v785183,w348551,x604036,y375093,z703343
a235460,b778693,c175096,d526139,e953828,f151637,g329171,h167718,i812715,j682587,k781402,l142019,m777686,n327316,o729430,p967695,q920099,r109128,s767669,t919260,u815176,v992152,w963597,x777625,y830156,z451321
a255700,b851606,c432392,d494237,e907020,f526578,g391550,h845524,i138984,j192351,k918170,l721977,m461631,n912336,o988178,p459528,q113754,r987175,s172498,t773879,u299167,v524822,w814537,x268663,y422255,z716778
a182810,b695000,c377247,d653786,e780171,f820733,g357535,h443871,i273599,j654094,k127475,l260882,m685523,n671250,o672235,p146329,q532654,r496333,s119366,t573747,u485122,v602384,w135770,x417886,y376193,z890861
a899919,b375795,c371965,d337678,e382680,f338639,g318878,h115838,i609171,j548247,k745725,l591231,m244181,n778047,o847340,p702960,q651644,r503528,s811939,t319863,u594214,v234891,w788469,x865943,y309692,z659567
a313633,b779956,c172088,d980718,e993864,f204225,g407042,h664587,i585229,j452080,k231224,l157286,m365005,n639229,o354932,p499749,q776300,r145026,s352752,t587983,u719455,v123469,w189849,x748255,y319015,z634075
a726215,b524202,c530238,d589595,e645234,f815685,g239308,h826289,i953433,j574479,k473940,l389024,m918818,n298531,o982709,p168554,q225463,r171265,s820702,t664880,u230503,v161769,w365865,x796398,y251600,z735841
a552329,b280011,c740022,d161803,e339116,f895044,g295465,h919635,i905181,j774542,k588270,l562516,m569182,n256965,o617304,p947074,q586248,r880079,s410613,t286448,u793467,v904590,w368939,x314173,y140319,z689035
a995062,b712604,c172934,d788644,e814066,f770478,g288640,h575777,i451525,j494850,k797533,l944172,m359505,n971328,o786229,p129473,q285460,r387575,s140121,t915115,u648957,v690405,w887761,x770193,y955128,z100200
a195440,b965947,c248617,d156538,e106463,f427554,g904503,h371219,i570500,j768758,k511055,l561767,m569379,n136799,o825736,p585699,q945017,r358764,s940955,t382607,u913502,v633973,w680196,x747798,y103806,z598320
a326769,b700200,c346590,d279356,e439582,f622096,g999089,h778494,i181475,j807932,k147953,l107976,m295103,n761891,o848322,p791665,q936397,r749642,s581202,t709944,u905978,v787897,w159023,x884394,y219756,z445994
a856995,b121076,c705577,d262014,e186437,f777941,g351954,h130297,i939604,j592092,k843689,l211025,m464746,n412718,o483348,p186875,q390363,r800268,s480164,t877657,u974145,v753951,w935266,x839579,y374267,z706387
a546897,b494244,c747075,d961994,e205143,f137183,g127747,h923652,i741113,j480759,k272630,l363640,m461320,n437154,o801050,p244284,q526361,r945955,s408674,t625098,u689190,v510057,w446794,x623725,y562455,z665901
a464088,b327247,c444556,d440271,e101632,f946352,g898249,h221832,i193681,j449377,k384785,l553178,m461589,n100306,o430534,p127747,q468948,r457786,s409630,t978175,u715488,v214743,w197959,x610596,y814869,z152211
a227983,b333503,c727344,d914224,e617224,f754994,g127527,h974159,i673897,j987030,k571795,l246450,m558013,n681129,o434076,p991435,q721780,r729065,s812343,t106954,u577166,v633897,w850181,x966451,y881363,z777214
a573602,b304173,c549064,d159770,e846233,f152707,g391925,h342945,i595883,j817443,k417147,l635924,m827476,n559260,o681644,p455837,q275037,r690987,s226350,t307905,u108618,v515204,w830244,x209639,y946904,z670978
a537556,b444271,c668661,d930609,e258717,f106961,g864979,h136285,i787161,j122106,k635891,l423362,m116268,n359931,o552136,p933418,q202585,r174001,s225881,t279249,u589733,v587831,w297544,x945765,y670868,z187446
a478814,b510568,c462418,d265879,e553383,f368472,g708902,h221427,i976928,j674914,k396194,l302049,m794452,n645813,o354563,p374499,q368171,r380532,s624059,t665856,u367475,v827399,w135858,x616094,y862422,z581263
a831435,b567926,c618445,d134082,e140665,f363570,g668073,h844725,i861484,j630810,k521630,l108674,m600029,n296063,o856049,p134784,q842808,r150942,s566285,t348923,u899943,v491588,w844205,x956871,y573902,z284951
a560955,b909779,c550774,d308096,e122390,f194597,g781975,h188427,i381114,j223464,k925597,l912980,m478114,n225890,o362113,p540509,q960233,r255725,s728479,t473988,u609046,v497811,w485931,x651701,y776004,z635112
a882487,b313564,c135035,d824686,e562069,f498269,g525487,h417135,i145786,j809119,k411481,l756937,m747369,n556648,o720227,p992449,q615686,r854811,s324648,t600165,u208266,v138709,w793464,x619136,y932177,z522740
a180320,b909486,c111867,d873719,e145194,f583515,g900585,h748086,i175964,j989674,k893492,l181204,m812299,n227355,o439136,p331995,q503904,r680049,s219029,t717786,u824944,v638012,w380578,x319737,y522151,z869864
a955320,b800464,c283452,d953874,e678842,f999066,g808975,h542555,i132800,j322008,k242425,l569068,m686722,n898033,o619214,p523571,q948194,r535771,s376135,t786241,u732209,v356441,w180908,x458645,y195917,z618846
a841569,b323952,c215390,d103913,e363625,f141787,g680931,h675701,i288713,j134161,k353455,l682490,m429231,n897393,o145768,p392368,q133356,r479896,s392819,t463001,u259767,v631924,w146210,x302112,y661270,z227413
a569131,b721628,c455094,d720725,e171924,f621598,g843179,h778105,i963772,j242386,k850583,l644948,m172442,n553618,o609460,p820327,q705925,r500295,s843224,t128671,u551434,v835178,w555269,x435829,y791478,z115809
a645091,b122800,c733415,d116798,e213117,f123962,g444264,h147943,i855190,j655869,k685275,l168986,m801604,n587897,o890144,p727369,q123382,r929424,s691429,t110770,u470662,v651698,w758242,x685410,y939585,z673029
a184904,b162589,c548559,d921313,e657568,f589444,g118906,h211805,i252941,j257606,k678101,l468576,m170445,n350743,o417001,p729532,q131987,r258285,s579070,t720754,u120582,v943077,w484879,x761213,y273680,z525374
a114140,b595403,c173259,d761840,e641923,f693907,g513969,h534659,i985305,j950313,k462574,l878224,m621653,n973560,o231703,p659903,q938415,r505532,s997429,t998265,u651874,v168770,w972947,x686460,y153996,z804054
a900373,b733184,c216278,d829085,e341971,f734429,g419827,h999663,i804160,j201221,k666064,l183001,m548754,n375704,o636817,p547999,q444342,r994926,s315269,t270572,u567696,v712472,w341678,x982615,y799861,z514374
a549893,b388169,c700126,d160399,e520565,f320360,g396373,h532666,i245504,j864495,k874212,l678615,m941721,n834632,o437318,p847145,q727984,r408027,s925208,t700283,u309722,v293338,w862164,x890681,y625649,z188277
a784870,b357051,c775106,d790601,e882386,f741997,g903298,h600041,i648380,j585601,k175712,l805374,m395552,n819084,o679441,p715111,q324209,r993880,s819591,t582531,u121110,v994659,w601013,x748019,y959642,z728493
a738329,b889273,c775152,d695504,e850491,f809223,g127244,h188776,i954891,j131126,k224921,l619725,m378655,n316079,o958244,p331834,q241384,r767003,s402374,t877314,u745649,v536308,w909082,x342419,y874544,z441063
a636109,b741409,c542444,d929836,e793898,f488205,g120807,h788463,i145973,j452305,k195794,l933321,m274444,n224661,o267763,p605664,q523483,r886553,s696172,t216923,u128051,v626075,w309678,x652579,y965128,z134540
a753503,b846876,c350107,d181867,e846980,f442952,g933975,h543325,i886584,j752274,k295607,l472654,m665905,n340732,o324131,p407253,q424090,r254668,s854031,t741417,u822847,v660678,w248873,x507216,y343317,z928842
a489984,b968144,c651438,d615281,e782595,f996923,g934129,h922569,i687640,j445666,k289408,l554713,m575821,n941015,o301513,p962186,q407496,r812234,s193987,t476040,u231756,v902317,w628967,x926523,y249142,z243685
a361116,b500564,c432509,d636598,e951852,f882719,g985946,h569094,i963875,j221295,k632825,l927027,m543164,n575359,o297310,p480340,q380165,r204484,s289251,t925813,u340933,v882402,w675973,x948119,y582215,z562493
a731968,b968243,c576062,d260216,e573393,f112064,g903096,h168377,i473347,j622760,k617621,l974316,m695980,n333299,o470953,p369663,q771574,r497244,s987523,t910752,u141405,v389194,w276328,x100484,y782820,z139278
a133216,b945204,c989533,d974525,e585012,f524464,g432764,h279035,i796455,j576038,k671856,l117904,m760441,n706440,o540281,p522140,q261477,r439084,s313374,t609200,u585092,v172788,w549702,x974101,y499432,z788268
a913907,b218610,c546489,d761564,e611891,f705559,g343213,h603774,i940382,j541499,k570195,l217161,m322160,n757515,o267241,p572217,q799076,r674326,s831774,t722605,u477547,v895270,w972974,x915567,y344165,z958365
a931157,b272507,c354059,d718384,e639316,f985503,g520649,h157663,i968866,j620788,k565672,l815966,m540803,n845378,o375488,p217755,q550438,r234570,s616730,t358078,u159493,v321576,w922743,x627114,y239277,z944275
a191602,b147039,c716629,d832823,e491336,f543172,g533625,h638841,i239052,j959260,k877922,l558300,m963614,n636801,o826446,p155488,q787101,r365752,s595774,t443443,u226570,v988448,w777489,x850540,y264500,z971680
a112912,b165763,c736946,d734787,e241486,f113667,g176425,h932948,i918547,j298077,k870208,l929869,m273427,n626384,o445534,p881135,q195623,r879198,s261015,t227652,u140485,v585870,w164661,x972555,y480935,z662308
a850636,b597274,c740576,d763958,e389439,f540273,g979003,h304737,i285530,j719687,k854686,l932085,m588313,n677042,o219202,p491468,q316122,r721771,s250659,t886779,u951228,v473339,w715151,x895480,y331707,z979016
a909674,b565628,c172998,d485302,e172405,f151438,g327857,h251314,i880322,j698443,k860631,l295510,m820733,n545194,o348507,p673886,q582275,r873804,s449459,t269644,u250795,v408592,w870394,x167466,y539258,z243151
a121866,b491766,c495171,d705711,e975415,f755100,g704105,h923863,i289937,j484902,k158296,l711589,m539911,n442459,o324446,p537764,q581042,r292238,s552566,t105422,u932897,v173867,w152848,x225352,y647142,z212233
a864240,b825103,c492781,d692520,e770116,f896219,g111051,h642612,i419517,j665790,k711566,l115428,m930575,n817375,o945044,p697468,q584688,r590365,s540031,t424317,u715092,v148991,w457874,x924200,y933790,z427973
a262404,b198747,c539784,d328619,e108575,f822564,g369369,h418632,i474921,j289677,k457244,l960744,m198734,n165867,o228126,p295187,q672589,r405268,s433687,t425033,u163835,v415942,w788128,x851230,y923472,z769929
a853236,b528019,c478863,d179578,e260612,f113844,g804765,h583169,i545413,j289268,k853074,l420417,m617986,n697284,o299531,p929161,q810883,r850705,s593689,t320150,u558090,v398146,w875142,x430911,y212781,z167504
a573891,b994186,c608300,d552666,e212541,f693527,g509627,h356238,i909547,j955255,k864981,l782913,m843344,n286304,o514579,p988373,q355469,r524612,s866943,t133148,u814792,v955336,w895755,x313018,y885981,z156859
a973305,b252729,c491061,d682866,e602419,f288459,g867371,h839902,i529252,j320128,k863297,l672857,m990232,n970482,o440729,p797948,q166078,r996416,s417291,t100034,u443986,v744618,w511987,x960598,y279483,z369709
a570126,b241713,c836245,d808942,e270720,f515293,g482647,h223255,i718596,j301357,k906959,l481863,m106255,n251407,o120646,p839868,q901076,r285859,s341298,t454598,u727510,v224707,w697856,x411154,y633162,z909780
a616200,b215957,c739761,d265042,e164826,f303551,g351206,h766497,i602270,j913295,k213246,l411072,m626472,n426653,o191715,p891415,q610988,r575121,s608047,t339294,u415724,v699388,w298606,x861657,y268530,z753144
